player,name
0x09c24767a7f9f7b1d021189b68f7a5aea3cee458,twalther
0x128a5bcb1015a37df2d64c7a0cfbed20a7ec9f50,Beth
0x2d40d8db918d4712dab7aceb6860dc0b4dfcc5ef,jaybuidl
0x329429383c6cb7ef64fe4114c8d554af3caf273a,felixhenneke
0x42cedde51198d1773590311e2a340dc06b24cb37,martin
0x57928fb15ffb7303b65edc326dc4dc38150008e1,ernst
0x662fc099fb7723b265a5d90be08467a33bab24ce,tempe
0x6b69683c8897e3d18e74b1ba117b49f80423da5d,bh2smith
0x759488e08468566c973c2cef149a6bfda095faab,codeStackr007
0x96821a4f2e986729759a146abedceacba690351c,vividn
0x9c4722d5d93e721db31afffb0dcb6938fe0d9f8e,nlordell
0x9cb247c1e61bc7979665193a59d90a5d02c3ce7b,Sarthi
0xb6c5db49509f069c2282a7e98261c5ee3e6379dc,Rosa
0xbd81e980a4133e64a83a2cd28ce9aa019e0fb44d,Deleted user
0xc252aa1df35280d9d9a644a5716ed73478c4c041,custode
0xc3ccd9455b301d01d69dfb0b9fc38bee39829598,hellno
0xcf6dc192dc292d5f2789da2db02d6dd4f41f4214,franco
0xd447bdea939313c2e83654be3220e87fd0d7bdf6,karl
0xdecd4a499cbd605970016f7428758ba97c6a7df3,Witzelda
0xede0c2e70e8e2d54609c1bdf79595506b6f623fe,lumoswiz
0xf48554937f18885c7f15c432c596b5843648231d,paul
0xf7bd3d83df90b4682725adf668791d4d1499207f,ace
